pclass,age,sibsp,parch,fare,sex,embarked,class,who,adult_male,deck,embark_town,alone,alive
3,22,1,0,7.25,male,S,Third,man,TRUE,,Southampton,FALSE,no
1,38,1,0,71.2833,female,C,First,woman,FALSE,C,Cherbourg,FALSE,yes
3,26,0,0,7.925,female,S,Third,woman,FALSE,,Southampton,TRUE,yes
1,35,1,0,53.1,female,S,First,woman,FALSE,C,Southampton,FALSE,yes
3,35,0,0,8.05,male,S,Third,man,TRUE,,Southampton,TRUE,no
3,,0,0,8.4583,male,Q,Third,man,TRUE,,Queenstown,TRUE,no
1,54,0,0,51.8625,male,S,First,man,TRUE,E,Southampton,TRUE,no
3,2,3,1,21.075,male,S,Third,child,FALSE,,Southampton,FALSE,no
3,27,0,2,11.1333,female,S,Third,woman,FALSE,,Southampton,FALSE,yes
2,14,1,0,30.0708,female,C,Second,child,FALSE,,Cherbourg,FALSE,yes
3,4,1,1,16.7,female,S,Third,child,FALSE,G,Southampton,FALSE,yes
1,58,0,0,26.55,female,S,First,woman,FALSE,C,Southampton,TRUE,yes
3,20,0,0,8.05,male,S,Third,man,TRUE,,Southampton,TRUE,no
3,39,1,5,31.275,male,S,Third,man,TRUE,,Southampton,FALSE,no
3,14,0,0,7.8542,female,S,Third,child,FALSE,,Southampton,TRUE,no
2,55,0,0,16,female,S,Second,woman,FALSE,,Southampton,TRUE,yes
3,2,4,1,29.125,male,Q,Third,child,FALSE,,Queenstown,FALSE,no
2,,0,0,13,male,S,Second,man,TRUE,,Southampton,TRUE,yes
3,31,1,0,18,female,S,Third,woman,FALSE,,Southampton,FALSE,no
3,,0,0,7.225,female,C,Third,woman,FALSE,,Cherbourg,TRUE,yes
2,35,0,0,26,male,S,Second,man,TRUE,,Southampton,TRUE,no
2,34,0,0,13,male,S,Second,man,TRUE,D,Southampton,TRUE,yes
3,15,0,0,8.0292,female,Q,Third,child,FALSE,,Queenstown,TRUE,yes
1,28,0,0,35.5,male,S,First,man,TRUE,A,Southampton,TRUE,yes
3,8,3,1,21.075,female,S,Third,child,FALSE,,Southampton,FALSE,no
3,38,1,5,31.3875,female,S,Third,woman,FALSE,,Southampton,FALSE,yes
3,,0,0,7.225,male,C,Third,man,TRUE,,Cherbourg,TRUE,no
1,19,3,2,263,male,S,First,man,TRUE,C,Southampton,FALSE,no
3,,0,0,7.8792,female,Q,Third,woman,FALSE,,Queenstown,TRUE,yes
3,,0,0,7.8958,male,S,Third,man,TRUE,,Southampton,TRUE,no
1,40,0,0,27.7208,male,C,First,man,TRUE,,Cherbourg,TRUE,no
1,,1,0,146.5208,female,C,First,woman,FALSE,B,Cherbourg,FALSE,yes
3,,0,0,7.75,female,Q,Third,woman,FALSE,,Queenstown,TRUE,yes
2,66,0,0,10.5,male,S,Second,man,TRUE,,Southampton,TRUE,no
1,28,1,0,82.1708,male,C,First,man,TRUE,,Cherbourg,FALSE,no
1,42,1,0,52,male,S,First,man,TRUE,,Southampton,FALSE,no
3,,0,0,7.2292,male,C,Third,man,TRUE,,Cherbourg,TRUE,yes
3,21,0,0,8.05,male,S,Third,man,TRUE,,Southampton,TRUE,no
3,18,2,0,18,female,S,Third,woman,FALSE,,Southampton,FALSE,no
3,14,1,0,11.2417,female,C,Third,child,FALSE,,Cherbourg,FALSE,yes
3,40,1,0,9.475,female,S,Third,woman,FALSE,,Southampton,FALSE,no
2,27,1,0,21,female,S,Second,woman,FALSE,,Southampton,FALSE,no
3,,0,0,7.8958,male,C,Third,man,TRUE,,Cherbourg,TRUE,no
2,3,1,2,41.5792,female,C,Second,child,FALSE,,Cherbourg,FALSE,yes
3,19,0,0,7.8792,female,Q,Third,woman,FALSE,,Queenstown,TRUE,yes
3,,0,0,8.05,male,S,Third,man,TRUE,,Southampton,TRUE,no
3,,1,0,15.5,male,Q,Third,man,TRUE,,Queenstown,FALSE,no
3,,0,0,7.75,female,Q,Third,woman,FALSE,,Queenstown,TRUE,yes
3,,2,0,21.6792,male,C,Third,man,TRUE,,Cherbourg,FALSE,no
3,18,1,0,17.8,female,S,Third,woman,FALSE,,Southampton,FALSE,no
3,7,4,1,39.6875,male,S,Third,child,FALSE,,Southampton,FALSE,no
3,21,0,0,7.8,male,S,Third,man,TRUE,,Southampton,TRUE,no
1,49,1,0,76.7292,female,C,First,woman,FALSE,D,Cherbourg,FALSE,yes
2,29,1,0,26,female,S,Second,woman,FALSE,,Southampton,FALSE,yes
1,65,0,1,61.9792,male,C,First,man,TRUE,B,Cherbourg,FALSE,no
1,,0,0,35.5,male,S,First,man,TRUE,C,Southampton,TRUE,yes
2,21,0,0,10.5,female,S,Second,woman,FALSE,,Southampton,TRUE,yes
3,28.5,0,0,7.2292,male,C,Third,man,TRUE,,Cherbourg,TRUE,no
2,5,1,2,27.75,female,S,Second,child,FALSE,,Southampton,FALSE,yes
3,11,5,2,46.9,male,S,Third,child,FALSE,,Southampton,FALSE,no
3,22,0,0,7.2292,male,C,Third,man,TRUE,,Cherbourg,TRUE,no
1,38,0,0,80,female,,First,woman,FALSE,B,,TRUE,yes
1,45,1,0,83.475,male,S,First,man,TRUE,C,Southampton,FALSE,no
3,4,3,2,27.9,male,S,Third,child,FALSE,,Southampton,FALSE,no
1,,0,0,27.7208,male,C,First,man,TRUE,,Cherbourg,TRUE,no
3,,1,1,15.2458,male,C,Third,man,TRUE,,Cherbourg,FALSE,yes
2,29,0,0,10.5,female,S,Second,woman,FALSE,F,Southampton,TRUE,yes
3,19,0,0,8.1583,male,S,Third,man,TRUE,,Southampton,TRUE,no
3,17,4,2,7.925,female,S,Third,woman,FALSE,,Southampton,FALSE,yes
3,26,2,0,8.6625,male,S,Third,man,TRUE,,Southampton,FALSE,no
2,32,0,0,10.5,male,S,Second,man,TRUE,,Southampton,TRUE,no
3,16,5,2,46.9,female,S,Third,woman,FALSE,,Southampton,FALSE,no
2,21,0,0,73.5,male,S,Second,man,TRUE,,Southampton,TRUE,no
3,26,1,0,14.4542,male,C,Third,man,TRUE,,Cherbourg,FALSE,no
3,32,0,0,56.4958,male,S,Third,man,TRUE,,Southampton,TRUE,yes
3,25,0,0,7.65,male,S,Third,man,TRUE,F,Southampton,TRUE,no
3,,0,0,7.8958,male,S,Third,man,TRUE,,Southampton,TRUE,no
3,,0,0,8.05,male,S,Third,man,TRUE,,Southampton,TRUE,no
2,0.83,0,2,29,male,S,Second,child,FALSE,,Southampton,FALSE,yes
3,30,0,0,12.475,female,S,Third,woman,FALSE,,Southampton,TRUE,yes
3,22,0,0,9,male,S,Third,man,TRUE,,Southampton,TRUE,no
3,29,0,0,9.5,male,S,Third,man,TRUE,,Southampton,TRUE,yes
3,,0,0,7.7875,female,Q,Third,woman,FALSE,,Queenstown,TRUE,yes
1,28,0,0,47.1,male,S,First,man,TRUE,,Southampton,TRUE,no
2,17,0,0,10.5,female,S,Second,woman,FALSE,,Southampton,TRUE,yes
3,33,3,0,15.85,female,S,Third,woman,FALSE,,Southampton,FALSE,yes
3,16,1,3,34.375,male,S,Third,man,TRUE,,Southampton,FALSE,no
3,,0,0,8.05,male,S,Third,man,TRUE,,Southampton,TRUE,no
1,23,3,2,263,female,S,First,woman,FALSE,C,Southampton,FALSE,yes
3,24,0,0,8.05,male,S,Third,man,TRUE,,Southampton,TRUE,no
3,29,0,0,8.05,male,S,Third,man,TRUE,,Southampton,TRUE,no
3,20,0,0,7.8542,male,S,Third,man,TRUE,,Southampton,TRUE,no
1,46,1,0,61.175,male,S,First,man,TRUE,E,Southampton,FALSE,no
3,26,1,2,20.575,male,S,Third,man,TRUE,,Southampton,FALSE,no
3,59,0,0,7.25,male,S,Third,man,TRUE,,Southampton,TRUE,no
3,,0,0,8.05,male,S,Third,man,TRUE,,Southampton,TRUE,no
1,71,0,0,34.6542,male,C,First,man,TRUE,A,Cherbourg,TRUE,no
1,23,0,1,63.3583,male,C,First,man,TRUE,D,Cherbourg,FALSE,yes
2,34,0,1,23,female,S,Second,woman,FALSE,,Southampton,FALSE,yes
2,34,1,0,26,male,S,Second,man,TRUE,,Southampton,FALSE,no
3,28,0,0,7.8958,female,S,Third,woman,FALSE,,Southampton,TRUE,no
3,,0,0,7.8958,male,S,Third,man,TRUE,,Southampton,TRUE,no
1,21,0,1,77.2875,male,S,First,man,TRUE,D,Southampton,FALSE,no
3,33,0,0,8.6542,male,S,Third,man,TRUE,,Southampton,TRUE,no
3,37,2,0,7.925,male,S,Third,man,TRUE,,Southampton,FALSE,no
3,28,0,0,7.8958,male,S,Third,man,TRUE,,Southampton,TRUE,no
3,21,0,0,7.65,female,S,Third,woman,FALSE,,Southampton,TRUE,yes
3,,0,0,7.775,male,S,Third,man,TRUE,,Southampton,TRUE,yes
3,38,0,0,7.8958,male,S,Third,man,TRUE,,Southampton,TRUE,no
3,,1,0,24.15,female,Q,Third,woman,FALSE,,Queenstown,FALSE,yes
1,47,0,0,52,male,S,First,man,TRUE,C,Southampton,TRUE,no
3,14.5,1,0,14.4542,female,C,Third,child,FALSE,,Cherbourg,FALSE,no
3,22,0,0,8.05,male,S,Third,man,TRUE,,Southampton,TRUE,no
3,20,1,0,9.825,female,S,Third,woman,FALSE,,Southampton,FALSE,no
3,17,0,0,14.4583,female,C,Third,woman,FALSE,,Cherbourg,TRUE,no
3,21,0,0,7.925,male,S,Third,man,TRUE,,Southampton,TRUE,no
3,70.5,0,0,7.75,male,Q,Third,man,TRUE,,Queenstown,TRUE,no
2,29,1,0,21,male,S,Second,man,TRUE,,Southampton,FALSE,no
1,24,0,1,247.5208,male,C,First,man,TRUE,B,Cherbourg,FALSE,no
3,2,4,2,31.275,female,S,Third,child,FALSE,,Southampton,FALSE,no
2,21,2,0,73.5,male,S,Second,man,TRUE,,Southampton,FALSE,no
3,,0,0,8.05,male,S,Third,man,TRUE,,Southampton,TRUE,no
2,32.5,1,0,30.0708,male,C,Second,man,TRUE,,Cherbourg,FALSE,no
2,32.5,0,0,13,female,S,Second,woman,FALSE,E,Southampton,TRUE,yes
1,54,0,1,77.2875,male,S,First,man,TRUE,D,Southampton,FALSE,no
3,12,1,0,11.2417,male,C,Third,child,FALSE,,Cherbourg,FALSE,yes
3,,0,0,7.75,male,Q,Third,man,TRUE,,Queenstown,TRUE,no
3,24,0,0,7.1417,male,S,Third,man,TRUE,,Southampton,TRUE,yes
3,,1,1,22.3583,female,C,Third,woman,FALSE,F,Cherbourg,FALSE,yes
3,45,0,0,6.975,male,S,Third,man,TRUE,,Southampton,TRUE,no
3,33,0,0,7.8958,male,C,Third,man,TRUE,,Cherbourg,TRUE,no
3,20,0,0,7.05,male,S,Third,man,TRUE,,Southampton,TRUE,no
3,47,1,0,14.5,female,S,Third,woman,FALSE,,Southampton,FALSE,no
2,29,1,0,26,female,S,Second,woman,FALSE,,Southampton,FALSE,yes
2,25,0,0,13,male,S,Second,man,TRUE,,Southampton,TRUE,no
2,23,0,0,15.0458,male,C,Second,man,TRUE,,Cherbourg,TRUE,no
1,19,0,2,26.2833,female,S,First,woman,FALSE,D,Southampton,FALSE,yes
1,37,1,0,53.1,male,S,First,man,TRUE,C,Southampton,FALSE,no
3,16,0,0,9.2167,male,S,Third,man,TRUE,,Southampton,TRUE,no
1,24,0,0,79.2,male,C,First,man,TRUE,B,Cherbourg,TRUE,no
3,,0,2,15.2458,female,C,Third,woman,FALSE,,Cherbourg,FALSE,no
3,22,0,0,7.75,female,S,Third,woman,FALSE,,Southampton,TRUE,yes
3,24,1,0,15.85,female,S,Third,woman,FALSE,,Southampton,FALSE,yes
3,19,0,0,6.75,male,Q,Third,man,TRUE,,Queenstown,TRUE,no
2,18,0,0,11.5,male,S,Second,man,TRUE,,Southampton,TRUE,no
2,19,1,1,36.75,male,S,Second,man,TRUE,,Southampton,FALSE,no
3,27,0,0,7.7958,male,S,Third,man,TRUE,,Southampton,TRUE,yes
3,9,2,2,34.375,female,S,Third,child,FALSE,,Southampton,FALSE,no
2,36.5,0,2,26,male,S,Second,man,TRUE,F,Southampton,FALSE,no
2,42,0,0,13,male,S,Second,man,TRUE,,Southampton,TRUE,no
2,51,0,0,12.525,male,S,Second,man,TRUE,,Southampton,TRUE,no
1,22,1,0,66.6,female,S,First,woman,FALSE,C,Southampton,FALSE,yes
3,55.5,0,0,8.05,male,S,Third,man,TRUE,,Southampton,TRUE,no
3,40.5,0,2,14.5,male,S,Third,man,TRUE,,Southampton,FALSE,no
3,,0,0,7.3125,male,S,Third,man,TRUE,,Southampton,TRUE,no
1,51,0,1,61.3792,male,C,First,man,TRUE,,Cherbourg,FALSE,no
3,16,0,0,7.7333,female,Q,Third,woman,FALSE,,Queenstown,TRUE,yes
3,30,0,0,8.05,male,S,Third,man,TRUE,,Southampton,TRUE,no
3,,0,0,8.6625,male,S,Third,man,TRUE,,Southampton,TRUE,no
3,,8,2,69.55,male,S,Third,man,TRUE,,Southampton,FALSE,no
3,44,0,1,16.1,male,S,Third,man,TRUE,,Southampton,FALSE,no
2,40,0,0,15.75,female,S,Second,woman,FALSE,,Southampton,TRUE,yes
3,26,0,0,7.775,male,S,Third,man,TRUE,,Southampton,TRUE,no
3,17,0,0,8.6625,male,S,Third,man,TRUE,,Southampton,TRUE,no
3,1,4,1,39.6875,male,S,Third,child,FALSE,,Southampton,FALSE,no
3,9,0,2,20.525,male,S,Third,child,FALSE,,Southampton,FALSE,yes
1,,0,1,55,female,S,First,woman,FALSE,E,Southampton,FALSE,yes
3,45,1,4,27.9,female,S,Third,woman,FALSE,,Southampton,FALSE,no
1,,0,0,25.925,male,S,First,man,TRUE,,Southampton,TRUE,no
3,28,0,0,56.4958,male,S,Third,man,TRUE,,Southampton,TRUE,no
1,61,0,0,33.5,male,S,First,man,TRUE,B,Southampton,TRUE,no
3,4,4,1,29.125,male,Q,Third,child,FALSE,,Queenstown,FALSE,no
3,1,1,1,11.1333,female,S,Third,child,FALSE,,Southampton,FALSE,yes
3,21,0,0,7.925,male,S,Third,man,TRUE,,Southampton,TRUE,no
1,56,0,0,30.6958,male,C,First,man,TRUE,A,Cherbourg,TRUE,no
3,18,1,1,7.8542,male,S,Third,man,TRUE,,Southampton,FALSE,no
3,,3,1,25.4667,male,S,Third,man,TRUE,,Southampton,FALSE,no
1,50,0,0,28.7125,female,C,First,woman,FALSE,C,Cherbourg,TRUE,no
2,30,0,0,13,male,S,Second,man,TRUE,,Southampton,TRUE,no
3,36,0,0,0,male,S,Third,man,TRUE,,Southampton,TRUE,no
3,,8,2,69.55,female,S,Third,woman,FALSE,,Southampton,FALSE,no
2,,0,0,15.05,male,C,Second,man,TRUE,,Cherbourg,TRUE,no
3,9,4,2,31.3875,male,S,Third,child,FALSE,,Southampton,FALSE,no
2,1,2,1,39,male,S,Second,child,FALSE,F,Southampton,FALSE,yes
3,4,0,2,22.025,female,S,Third,child,FALSE,,Southampton,FALSE,yes
1,,0,0,50,male,S,First,man,TRUE,A,Southampton,TRUE,no
3,,1,0,15.5,female,Q,Third,woman,FALSE,,Queenstown,FALSE,yes
1,45,0,0,26.55,male,S,First,man,TRUE,,Southampton,TRUE,yes
3,40,1,1,15.5,male,Q,Third,man,TRUE,,Queenstown,FALSE,no
3,36,0,0,7.8958,male,S,Third,man,TRUE,,Southampton,TRUE,no
2,32,0,0,13,female,S,Second,woman,FALSE,,Southampton,TRUE,yes
2,19,0,0,13,male,S,Second,man,TRUE,,Southampton,TRUE,no
3,19,1,0,7.8542,female,S,Third,woman,FALSE,,Southampton,FALSE,yes
2,3,1,1,26,male,S,Second,child,FALSE,F,Southampton,FALSE,yes
1,44,0,0,27.7208,female,C,First,woman,FALSE,B,Cherbourg,TRUE,yes
1,58,0,0,146.5208,female,C,First,woman,FALSE,B,Cherbourg,TRUE,yes
3,,0,0,7.75,male,Q,Third,man,TRUE,,Queenstown,TRUE,no
3,42,0,1,8.4042,male,S,Third,man,TRUE,,Southampton,FALSE,no
3,,0,0,7.75,female,Q,Third,woman,FALSE,,Queenstown,TRUE,yes
2,24,0,0,13,female,S,Second,woman,FALSE,,Southampton,TRUE,no
3,28,0,0,9.5,male,S,Third,man,TRUE,,Southampton,TRUE,no
3,,8,2,69.55,male,S,Third,man,TRUE,,Southampton,FALSE,no
3,34,0,0,6.4958,male,S,Third,man,TRUE,,Southampton,TRUE,no
3,45.5,0,0,7.225,male,C,Third,man,TRUE,,Cherbourg,TRUE,no
3,18,0,0,8.05,male,S,Third,man,TRUE,,Southampton,TRUE,yes
3,2,0,1,10.4625,female,S,Third,child,FALSE,G,Southampton,FALSE,no
3,32,1,0,15.85,male,S,Third,man,TRUE,,Southampton,FALSE,no
3,26,0,0,18.7875,male,C,Third,man,TRUE,,Cherbourg,TRUE,yes
3,16,0,0,7.75,female,Q,Third,woman,FALSE,,Queenstown,TRUE,yes
1,40,0,0,31,male,C,First,man,TRUE,A,Cherbourg,TRUE,yes
3,24,0,0,7.05,male,S,Third,man,TRUE,,Southampton,TRUE,no
2,35,0,0,21,female,S,Second,woman,FALSE,,Southampton,TRUE,yes
3,22,0,0,7.25,male,S,Third,man,TRUE,,Southampton,TRUE,no
2,30,0,0,13,male,S,Second,man,TRUE,,Southampton,TRUE,no
3,,1,0,7.75,male,Q,Third,man,TRUE,,Queenstown,FALSE,no
1,31,1,0,113.275,female,C,First,woman,FALSE,D,Cherbourg,FALSE,yes
3,27,0,0,7.925,female,S,Third,woman,FALSE,,Southampton,TRUE,yes
2,42,1,0,27,male,S,Second,man,TRUE,,Southampton,FALSE,no
1,32,0,0,76.2917,female,C,First,woman,FALSE,D,Cherbourg,TRUE,yes
2,30,0,0,10.5,male,S,Second,man,TRUE,,Southampton,TRUE,no
3,16,0,0,8.05,male,S,Third,man,TRUE,,Southampton,TRUE,yes
2,27,0,0,13,male,S,Second,man,TRUE,,Southampton,TRUE,no
3,51,0,0,8.05,male,S,Third,man,TRUE,,Southampton,TRUE,no
3,,0,0,7.8958,male,S,Third,man,TRUE,,Southampton,TRUE,no
1,38,1,0,90,male,S,First,man,TRUE,C,Southampton,FALSE,yes
3,22,0,0,9.35,male,S,Third,man,TRUE,,Southampton,TRUE,no
2,19,0,0,10.5,male,S,Second,man,TRUE,,Southampton,TRUE,yes
3,20.5,0,0,7.25,male,S,Third,man,TRUE,,Southampton,TRUE,no
2,18,0,0,13,male,S,Second,man,TRUE,,Southampton,TRUE,no
3,,3,1,25.4667,female,S,Third,woman,FALSE,,Southampton,FALSE,no
1,35,1,0,83.475,female,S,First,woman,FALSE,C,Southampton,FALSE,yes
3,29,0,0,7.775,male,S,Third,man,TRUE,,Southampton,TRUE,no
2,59,0,0,13.5,male,S,Second,man,TRUE,,Southampton,TRUE,no
3,5,4,2,31.3875,female,S,Third,child,FALSE,,Southampton,FALSE,yes
2,24,0,0,10.5,male,S,Second,man,TRUE,,Southampton,TRUE,no
3,,0,0,7.55,female,S,Third,woman,FALSE,,Southampton,TRUE,no
2,44,1,0,26,male,S,Second,man,TRUE,,Southampton,FALSE,no
2,8,0,2,26.25,female,S,Second,child,FALSE,,Southampton,FALSE,yes
2,19,0,0,10.5,male,S,Second,man,TRUE,,Southampton,TRUE,no
2,33,0,0,12.275,male,S,Second,man,TRUE,,Southampton,TRUE,no
3,,1,0,14.4542,female,C,Third,woman,FALSE,,Cherbourg,FALSE,no
3,,1,0,15.5,female,Q,Third,woman,FALSE,,Queenstown,FALSE,yes
2,29,0,0,10.5,male,S,Second,man,TRUE,,Southampton,TRUE,no
3,22,0,0,7.125,male,S,Third,man,TRUE,,Southampton,TRUE,no
3,30,0,0,7.225,male,C,Third,man,TRUE,,Cherbourg,TRUE,no
1,44,2,0,90,male,Q,First,man,TRUE,C,Queenstown,FALSE,no
3,25,0,0,7.775,female,S,Third,woman,FALSE,,Southampton,TRUE,no
2,24,0,2,14.5,female,S,Second,woman,FALSE,,Southampton,FALSE,yes
1,37,1,1,52.5542,male,S,First,man,TRUE,D,Southampton,FALSE,yes
2,54,1,0,26,male,S,Second,man,TRUE,,Southampton,FALSE,no
3,,0,0,7.25,male,S,Third,man,TRUE,,Southampton,TRUE,no
3,29,1,1,10.4625,female,S,Third,woman,FALSE,G,Southampton,FALSE,no
1,62,0,0,26.55,male,S,First,man,TRUE,C,Southampton,TRUE,no
3,30,1,0,16.1,male,S,Third,man,TRUE,,Southampton,FALSE,no
3,41,0,2,20.2125,female,S,Third,woman,FALSE,,Southampton,FALSE,no
3,29,0,2,15.2458,female,C,Third,woman,FALSE,,Cherbourg,FALSE,yes
1,,0,0,79.2,female,C,First,woman,FALSE,,Cherbourg,TRUE,yes
1,30,0,0,86.5,female,S,First,woman,FALSE,B,Southampton,TRUE,yes
1,35,0,0,512.3292,female,C,First,woman,FALSE,,Cherbourg,TRUE,yes
2,50,0,1,26,female,S,Second,woman,FALSE,,Southampton,FALSE,yes
3,,0,0,7.75,male,Q,Third,man,TRUE,,Queenstown,TRUE,no
3,3,4,2,31.3875,male,S,Third,child,FALSE,,Southampton,FALSE,yes
1,52,1,1,79.65,male,S,First,man,TRUE,E,Southampton,FALSE,no
1,40,0,0,0,male,S,First,man,TRUE,B,Southampton,TRUE,no
3,,0,0,7.75,female,Q,Third,woman,FALSE,,Queenstown,TRUE,no
2,36,0,0,10.5,male,S,Second,man,TRUE,,Southampton,TRUE,no
3,16,4,1,39.6875,male,S,Third,man,TRUE,,Southampton,FALSE,no
3,25,1,0,7.775,male,S,Third,man,TRUE,,Southampton,FALSE,yes
1,58,0,1,153.4625,female,S,First,woman,FALSE,C,Southampton,FALSE,yes
1,35,0,0,135.6333,female,S,First,woman,FALSE,C,Southampton,TRUE,yes
1,,0,0,31,male,S,First,man,TRUE,,Southampton,TRUE,no
3,25,0,0,0,male,S,Third,man,TRUE,,Southampton,TRUE,yes
2,41,0,1,19.5,female,S,Second,woman,FALSE,,Southampton,FALSE,yes
1,37,0,1,29.7,male,C,First,man,TRUE,C,Cherbourg,FALSE,no
3,,0,0,7.75,female,Q,Third,woman,FALSE,,Queenstown,TRUE,yes
1,63,1,0,77.9583,female,S,First,woman,FALSE,D,Southampton,FALSE,yes
3,45,0,0,7.75,female,S,Third,woman,FALSE,,Southampton,TRUE,no
2,,0,0,0,male,S,Second,man,TRUE,,Southampton,TRUE,no
3,7,4,1,29.125,male,Q,Third,child,FALSE,,Queenstown,FALSE,no
3,35,1,1,20.25,female,S,Third,woman,FALSE,,Southampton,FALSE,yes
3,65,0,0,7.75,male,Q,Third,man,TRUE,,Queenstown,TRUE,no
3,28,0,0,7.8542,male,S,Third,man,TRUE,,Southampton,TRUE,no
3,16,0,0,9.5,male,S,Third,man,TRUE,,Southampton,TRUE,no
3,19,0,0,8.05,male,S,Third,man,TRUE,,Southampton,TRUE,yes
1,,0,0,26,male,S,First,man,TRUE,A,Southampton,TRUE,no
3,33,0,0,8.6625,male,C,Third,man,TRUE,,Cherbourg,TRUE,no
3,30,0,0,9.5,male,S,Third,man,TRUE,,Southampton,TRUE,yes
3,22,0,0,7.8958,male,S,Third,man,TRUE,,Southampton,TRUE,no
2,42,0,0,13,male,S,Second,man,TRUE,,Southampton,TRUE,yes
3,22,0,0,7.75,female,Q,Third,woman,FALSE,,Queenstown,TRUE,yes
1,26,0,0,78.85,female,S,First,woman,FALSE,,Southampton,TRUE,yes
1,19,1,0,91.0792,female,C,First,woman,FALSE,B,Cherbourg,FALSE,yes
2,36,0,0,12.875,male,C,Second,man,TRUE,D,Cherbourg,TRUE,no
3,24,0,0,8.85,female,S,Third,woman,FALSE,,Southampton,TRUE,no
3,24,0,0,7.8958,male,S,Third,man,TRUE,,Southampton,TRUE,no
1,,0,0,27.7208,male,C,First,man,TRUE,,Cherbourg,TRUE,no
3,23.5,0,0,7.2292,male,C,Third,man,TRUE,,Cherbourg,TRUE,no
1,2,1,2,151.55,female,S,First,child,FALSE,C,Southampton,FALSE,no
1,,0,0,30.5,male,S,First,man,TRUE,C,Southampton,TRUE,yes
1,50,0,1,247.5208,female,C,First,woman,FALSE,B,Cherbourg,FALSE,yes
3,,0,0,7.75,female,Q,Third,woman,FALSE,,Queenstown,TRUE,yes
3,,2,0,23.25,male,Q,Third,man,TRUE,,Queenstown,FALSE,yes
3,19,0,0,0,male,S,Third,man,TRUE,,Southampton,TRUE,no
2,,0,0,12.35,female,Q,Second,woman,FALSE,E,Queenstown,TRUE,yes
3,,0,0,8.05,male,S,Third,man,TRUE,,Southampton,TRUE,no
1,0.92,1,2,151.55,male,S,First,child,FALSE,C,Southampton,FALSE,yes
1,,0,0,110.8833,female,C,First,woman,FALSE,,Cherbourg,TRUE,yes
1,17,1,0,108.9,female,C,First,woman,FALSE,C,Cherbourg,FALSE,yes
2,30,1,0,24,male,C,Second,man,TRUE,,Cherbourg,FALSE,no
1,30,0,0,56.9292,female,C,First,woman,FALSE,E,Cherbourg,TRUE,yes
1,24,0,0,83.1583,female,C,First,woman,FALSE,C,Cherbourg,TRUE,yes
1,18,2,2,262.375,female,C,First,woman,FALSE,B,Cherbourg,FALSE,yes
2,26,1,1,26,female,S,Second,woman,FALSE,,Southampton,FALSE,no
3,28,0,0,7.8958,male,S,Third,man,TRUE,,Southampton,TRUE,no
2,43,1,1,26.25,male,S,Second,man,TRUE,,Southampton,FALSE,no
3,26,0,0,7.8542,female,S,Third,woman,FALSE,,Southampton,TRUE,yes
2,24,1,0,26,female,S,Second,woman,FALSE,,Southampton,FALSE,yes
2,54,0,0,14,male,S,Second,man,TRUE,,Southampton,TRUE,no
1,31,0,2,164.8667,female,S,First,woman,FALSE,C,Southampton,FALSE,yes
1,40,1,1,134.5,female,C,First,woman,FALSE,E,Cherbourg,FALSE,yes
3,22,0,0,7.25,male,S,Third,man,TRUE,,Southampton,TRUE,no
3,27,0,0,7.8958,male,S,Third,man,TRUE,,Southampton,TRUE,no
2,30,0,0,12.35,female,Q,Second,woman,FALSE,,Queenstown,TRUE,yes
2,22,1,1,29,female,S,Second,woman,FALSE,,Southampton,FALSE,yes
3,,8,2,69.55,male,S,Third,man,TRUE,,Southampton,FALSE,no
1,36,0,0,135.6333,female,C,First,woman,FALSE,C,Cherbourg,TRUE,yes
3,61,0,0,6.2375,male,S,Third,man,TRUE,,Southampton,TRUE,no
2,36,0,0,13,female,S,Second,woman,FALSE,D,Southampton,TRUE,yes
3,31,1,1,20.525,female,S,Third,woman,FALSE,,Southampton,FALSE,yes
1,16,0,1,57.9792,female,C,First,woman,FALSE,B,Cherbourg,FALSE,yes
3,,2,0,23.25,female,Q,Third,woman,FALSE,,Queenstown,FALSE,yes
1,45.5,0,0,28.5,male,S,First,man,TRUE,C,Southampton,TRUE,no
1,38,0,1,153.4625,male,S,First,man,TRUE,C,Southampton,FALSE,no
3,16,2,0,18,male,S,Third,man,TRUE,,Southampton,FALSE,no
1,,1,0,133.65,female,S,First,woman,FALSE,,Southampton,FALSE,yes
3,,0,0,7.8958,male,S,Third,man,TRUE,,Southampton,TRUE,no
1,29,1,0,66.6,male,S,First,man,TRUE,C,Southampton,FALSE,no
1,41,0,0,134.5,female,C,First,woman,FALSE,E,Cherbourg,TRUE,yes
3,45,0,0,8.05,male,S,Third,man,TRUE,,Southampton,TRUE,yes
1,45,0,0,35.5,male,S,First,man,TRUE,,Southampton,TRUE,no
2,2,1,1,26,male,S,Second,child,FALSE,F,Southampton,FALSE,yes
1,24,3,2,263,female,S,First,woman,FALSE,C,Southampton,FALSE,yes
2,28,0,0,13,male,S,Second,man,TRUE,,Southampton,TRUE,no
2,25,0,0,13,male,S,Second,man,TRUE,,Southampton,TRUE,no
2,36,0,0,13,male,S,Second,man,TRUE,,Southampton,TRUE,no
2,24,0,0,13,female,S,Second,woman,FALSE,F,Southampton,TRUE,yes
2,40,0,0,13,female,S,Second,woman,FALSE,,Southampton,TRUE,yes
3,,1,0,16.1,female,S,Third,woman,FALSE,,Southampton,FALSE,yes
3,3,1,1,15.9,male,S,Third,child,FALSE,,Southampton,FALSE,yes
3,42,0,0,8.6625,male,S,Third,man,TRUE,,Southampton,TRUE,no
3,23,0,0,9.225,male,S,Third,man,TRUE,,Southampton,TRUE,no
1,,0,0,35,male,S,First,man,TRUE,C,Southampton,TRUE,no
3,15,1,1,7.2292,male,C,Third,child,FALSE,,Cherbourg,FALSE,no
3,25,1,0,17.8,male,S,Third,man,TRUE,,Southampton,FALSE,no
3,,0,0,7.225,male,C,Third,man,TRUE,,Cherbourg,TRUE,no
3,28,0,0,9.5,male,S,Third,man,TRUE,,Southampton,TRUE,no
1,22,0,1,55,female,S,First,woman,FALSE,E,Southampton,FALSE,yes
2,38,0,0,13,female,S,Second,woman,FALSE,,Southampton,TRUE,no
3,,0,0,7.8792,female,Q,Third,woman,FALSE,,Queenstown,TRUE,yes
3,,0,0,7.8792,female,Q,Third,woman,FALSE,,Queenstown,TRUE,yes
3,40,1,4,27.9,male,S,Third,man,TRUE,,Southampton,FALSE,no
2,29,1,0,27.7208,male,C,Second,man,TRUE,,Cherbourg,FALSE,no
3,45,0,1,14.4542,female,C,Third,woman,FALSE,,Cherbourg,FALSE,no
3,35,0,0,7.05,male,S,Third,man,TRUE,,Southampton,TRUE,no
3,,1,0,15.5,male,Q,Third,man,TRUE,,Queenstown,FALSE,no
3,30,0,0,7.25,male,S,Third,man,TRUE,,Southampton,TRUE,no
1,60,1,0,75.25,female,C,First,woman,FALSE,D,Cherbourg,FALSE,yes
3,,0,0,7.2292,female,C,Third,woman,FALSE,,Cherbourg,TRUE,yes
3,,0,0,7.75,female,Q,Third,woman,FALSE,,Queenstown,TRUE,yes
1,24,0,0,69.3,female,C,First,woman,FALSE,B,Cherbourg,TRUE,yes
1,25,1,0,55.4417,male,C,First,man,TRUE,E,Cherbourg,FALSE,yes
3,18,1,0,6.4958,male,S,Third,man,TRUE,,Southampton,FALSE,no
3,19,0,0,8.05,male,S,Third,man,TRUE,,Southampton,TRUE,no
1,22,0,0,135.6333,male,C,First,man,TRUE,,Cherbourg,TRUE,no
3,3,3,1,21.075,female,S,Third,child,FALSE,,Southampton,FALSE,no
1,,1,0,82.1708,female,C,First,woman,FALSE,,Cherbourg,FALSE,yes
3,22,0,0,7.25,female,S,Third,woman,FALSE,,Southampton,TRUE,yes
1,27,0,2,211.5,male,C,First,man,TRUE,C,Cherbourg,FALSE,no
3,20,0,0,4.0125,male,C,Third,man,TRUE,,Cherbourg,TRUE,no
3,19,0,0,7.775,male,S,Third,man,TRUE,,Southampton,TRUE,no
1,42,0,0,227.525,female,C,First,woman,FALSE,,Cherbourg,TRUE,yes
3,1,0,2,15.7417,female,C,Third,child,FALSE,,Cherbourg,FALSE,yes
3,32,0,0,7.925,male,S,Third,man,TRUE,,Southampton,TRUE,no
1,35,1,0,52,female,S,First,woman,FALSE,,Southampton,FALSE,yes
3,,0,0,7.8958,male,S,Third,man,TRUE,,Southampton,TRUE,no
2,18,0,0,73.5,male,S,Second,man,TRUE,,Southampton,TRUE,no
3,1,5,2,46.9,male,S,Third,child,FALSE,,Southampton,FALSE,no
2,36,0,0,13,female,S,Second,woman,FALSE,,Southampton,TRUE,yes
3,,0,0,7.7292,male,Q,Third,man,TRUE,,Queenstown,TRUE,no
2,17,0,0,12,female,C,Second,woman,FALSE,,Cherbourg,TRUE,yes
1,36,1,2,120,male,S,First,man,TRUE,B,Southampton,FALSE,yes
3,21,0,0,7.7958,male,S,Third,man,TRUE,,Southampton,TRUE,yes
3,28,2,0,7.925,male,S,Third,man,TRUE,,Southampton,FALSE,no
1,23,1,0,113.275,female,C,First,woman,FALSE,D,Cherbourg,FALSE,yes
3,24,0,2,16.7,female,S,Third,woman,FALSE,G,Southampton,FALSE,yes
3,22,0,0,7.7958,male,S,Third,man,TRUE,,Southampton,TRUE,no
3,31,0,0,7.8542,female,S,Third,woman,FALSE,,Southampton,TRUE,no
2,46,0,0,26,male,S,Second,man,TRUE,,Southampton,TRUE,no
2,23,0,0,10.5,male,S,Second,man,TRUE,,Southampton,TRUE,no
2,28,0,0,12.65,female,S,Second,woman,FALSE,,Southampton,TRUE,yes
3,39,0,0,7.925,male,S,Third,man,TRUE,,Southampton,TRUE,yes
3,26,0,0,8.05,male,S,Third,man,TRUE,,Southampton,TRUE,no
3,21,1,0,9.825,female,S,Third,woman,FALSE,,Southampton,FALSE,no
3,28,1,0,15.85,male,S,Third,man,TRUE,,Southampton,FALSE,no
3,20,0,0,8.6625,female,S,Third,woman,FALSE,,Southampton,TRUE,no
2,34,1,0,21,male,S,Second,man,TRUE,,Southampton,FALSE,no
3,51,0,0,7.75,male,S,Third,man,TRUE,,Southampton,TRUE,no
2,3,1,1,18.75,male,S,Second,child,FALSE,,Southampton,FALSE,yes
3,21,0,0,7.775,male,S,Third,man,TRUE,,Southampton,TRUE,no
3,,3,1,25.4667,female,S,Third,woman,FALSE,,Southampton,FALSE,no
3,,0,0,7.8958,male,S,Third,man,TRUE,,Southampton,TRUE,no
3,,0,0,6.8583,male,Q,Third,man,TRUE,,Queenstown,TRUE,no
1,33,1,0,90,female,Q,First,woman,FALSE,C,Queenstown,FALSE,yes
2,,0,0,0,male,S,Second,man,TRUE,,Southampton,TRUE,no
3,44,0,0,7.925,male,S,Third,man,TRUE,,Southampton,TRUE,yes
3,,0,0,8.05,female,S,Third,woman,FALSE,,Southampton,TRUE,no
2,34,1,1,32.5,female,S,Second,woman,FALSE,,Southampton,FALSE,yes
2,18,0,2,13,female,S,Second,woman,FALSE,,Southampton,FALSE,yes
2,30,0,0,13,male,S,Second,man,TRUE,,Southampton,TRUE,no
3,10,0,2,24.15,female,S,Third,child,FALSE,,Southampton,FALSE,no
3,,0,0,7.8958,male,C,Third,man,TRUE,,Cherbourg,TRUE,no
3,21,0,0,7.7333,male,Q,Third,man,TRUE,,Queenstown,TRUE,no
3,29,0,0,7.875,male,S,Third,man,TRUE,,Southampton,TRUE,no
3,28,1,1,14.4,female,S,Third,woman,FALSE,,Southampton,FALSE,no
3,18,1,1,20.2125,male,S,Third,man,TRUE,,Southampton,FALSE,no
3,,0,0,7.25,male,S,Third,man,TRUE,,Southampton,TRUE,no
2,28,1,0,26,female,S,Second,woman,FALSE,,Southampton,FALSE,yes
2,19,0,0,26,female,S,Second,woman,FALSE,,Southampton,TRUE,yes
3,,0,0,7.75,male,Q,Third,man,TRUE,,Queenstown,TRUE,no
3,32,0,0,8.05,male,S,Third,man,TRUE,E,Southampton,TRUE,yes
1,28,0,0,26.55,male,S,First,man,TRUE,C,Southampton,TRUE,yes
3,,1,0,16.1,female,S,Third,woman,FALSE,,Southampton,FALSE,yes
2,42,1,0,26,female,S,Second,woman,FALSE,,Southampton,FALSE,yes
3,17,0,0,7.125,male,S,Third,man,TRUE,,Southampton,TRUE,no
1,50,1,0,55.9,male,S,First,man,TRUE,E,Southampton,FALSE,no
1,14,1,2,120,female,S,First,child,FALSE,B,Southampton,FALSE,yes
3,21,2,2,34.375,female,S,Third,woman,FALSE,,Southampton,FALSE,no
2,24,2,3,18.75,female,S,Second,woman,FALSE,,Southampton,FALSE,yes
1,64,1,4,263,male,S,First,man,TRUE,C,Southampton,FALSE,no
2,31,0,0,10.5,male,S,Second,man,TRUE,,Southampton,TRUE,no
2,45,1,1,26.25,female,S,Second,woman,FALSE,,Southampton,FALSE,yes
3,20,0,0,9.5,male,S,Third,man,TRUE,,Southampton,TRUE,no
3,25,1,0,7.775,male,S,Third,man,TRUE,,Southampton,FALSE,no
2,28,0,0,13,female,S,Second,woman,FALSE,,Southampton,TRUE,yes
3,,0,0,8.1125,male,S,Third,man,TRUE,,Southampton,TRUE,yes
1,4,0,2,81.8583,male,S,First,child,FALSE,A,Southampton,FALSE,yes
2,13,0,1,19.5,female,S,Second,child,FALSE,,Southampton,FALSE,yes
1,34,0,0,26.55,male,S,First,man,TRUE,,Southampton,TRUE,yes
3,5,2,1,19.2583,female,C,Third,child,FALSE,,Cherbourg,FALSE,yes
1,52,0,0,30.5,male,S,First,man,TRUE,C,Southampton,TRUE,yes
2,36,1,2,27.75,male,S,Second,man,TRUE,,Southampton,FALSE,no
3,,1,0,19.9667,male,S,Third,man,TRUE,,Southampton,FALSE,no
1,30,0,0,27.75,male,C,First,man,TRUE,C,Cherbourg,TRUE,no
1,49,1,0,89.1042,male,C,First,man,TRUE,C,Cherbourg,FALSE,yes
3,,0,0,8.05,male,S,Third,man,TRUE,,Southampton,TRUE,no
3,29,0,0,7.8958,male,C,Third,man,TRUE,,Cherbourg,TRUE,yes
1,65,0,0,26.55,male,S,First,man,TRUE,E,Southampton,TRUE,no
1,,1,0,51.8625,female,S,First,woman,FALSE,D,Southampton,FALSE,yes
2,50,0,0,10.5,female,S,Second,woman,FALSE,,Southampton,TRUE,yes
3,,0,0,7.75,male,Q,Third,man,TRUE,,Queenstown,TRUE,no
1,48,0,0,26.55,male,S,First,man,TRUE,E,Southampton,TRUE,yes
3,34,0,0,8.05,male,S,Third,man,TRUE,,Southampton,TRUE,no
1,47,0,0,38.5,male,S,First,man,TRUE,E,Southampton,TRUE,no
2,48,0,0,13,male,S,Second,man,TRUE,,Southampton,TRUE,no
3,,0,0,8.05,male,S,Third,man,TRUE,,Southampton,TRUE,no
3,38,0,0,7.05,male,S,Third,man,TRUE,,Southampton,TRUE,no
2,,0,0,0,male,S,Second,man,TRUE,,Southampton,TRUE,no
1,56,0,0,26.55,male,S,First,man,TRUE,,Southampton,TRUE,no
3,,0,0,7.725,male,Q,Third,man,TRUE,,Queenstown,TRUE,no
3,0.75,2,1,19.2583,female,C,Third,child,FALSE,,Cherbourg,FALSE,yes
3,,0,0,7.25,male,S,Third,man,TRUE,,Southampton,TRUE,no
3,38,0,0,8.6625,male,S,Third,man,TRUE,,Southampton,TRUE,no
2,33,1,2,27.75,female,S,Second,woman,FALSE,,Southampton,FALSE,yes
2,23,0,0,13.7917,female,C,Second,woman,FALSE,D,Cherbourg,TRUE,yes
3,22,0,0,9.8375,female,S,Third,woman,FALSE,,Southampton,TRUE,no
1,,0,0,52,male,S,First,man,TRUE,A,Southampton,TRUE,no
2,34,1,0,21,male,S,Second,man,TRUE,,Southampton,FALSE,no
3,29,1,0,7.0458,male,S,Third,man,TRUE,,Southampton,FALSE,no
3,22,0,0,7.5208,male,S,Third,man,TRUE,,Southampton,TRUE,no
3,2,0,1,12.2875,female,S,Third,child,FALSE,,Southampton,FALSE,yes
3,9,5,2,46.9,male,S,Third,child,FALSE,,Southampton,FALSE,no
2,,0,0,0,male,S,Second,man,TRUE,,Southampton,TRUE,no
3,50,0,0,8.05,male,S,Third,man,TRUE,,Southampton,TRUE,no
3,63,0,0,9.5875,female,S,Third,woman,FALSE,,Southampton,TRUE,yes
1,25,1,0,91.0792,male,C,First,man,TRUE,B,Cherbourg,FALSE,yes
3,,3,1,25.4667,female,S,Third,woman,FALSE,,Southampton,FALSE,no
1,35,1,0,90,female,S,First,woman,FALSE,C,Southampton,FALSE,yes
1,58,0,0,29.7,male,C,First,man,TRUE,B,Cherbourg,TRUE,no
3,30,0,0,8.05,male,S,Third,man,TRUE,,Southampton,TRUE,no
3,9,1,1,15.9,male,S,Third,child,FALSE,,Southampton,FALSE,yes
3,,1,0,19.9667,male,S,Third,man,TRUE,,Southampton,FALSE,no
3,21,0,0,7.25,male,S,Third,man,TRUE,,Southampton,TRUE,no
1,55,0,0,30.5,male,S,First,man,TRUE,C,Southampton,TRUE,no
1,71,0,0,49.5042,male,C,First,man,TRUE,,Cherbourg,TRUE,no
3,21,0,0,8.05,male,S,Third,man,TRUE,,Southampton,TRUE,no
3,,0,0,14.4583,male,C,Third,man,TRUE,,Cherbourg,TRUE,no
1,54,1,0,78.2667,female,C,First,woman,FALSE,D,Cherbourg,FALSE,yes
3,,0,0,15.1,male,S,Third,man,TRUE,,Southampton,TRUE,no
1,25,1,2,151.55,female,S,First,woman,FALSE,C,Southampton,FALSE,no
3,24,0,0,7.7958,male,S,Third,man,TRUE,,Southampton,TRUE,no
3,17,0,0,8.6625,male,S,Third,man,TRUE,,Southampton,TRUE,no
3,21,0,0,7.75,female,Q,Third,woman,FALSE,,Queenstown,TRUE,no
3,,0,0,7.6292,female,Q,Third,woman,FALSE,,Queenstown,TRUE,no
3,37,0,0,9.5875,female,S,Third,woman,FALSE,,Southampton,TRUE,no
1,16,0,0,86.5,female,S,First,woman,FALSE,B,Southampton,TRUE,yes
1,18,1,0,108.9,male,C,First,man,TRUE,C,Cherbourg,FALSE,no
2,33,0,2,26,female,S,Second,woman,FALSE,,Southampton,FALSE,yes
1,,0,0,26.55,male,S,First,man,TRUE,,Southampton,TRUE,yes
3,28,0,0,22.525,male,S,Third,man,TRUE,,Southampton,TRUE,no
3,26,0,0,56.4958,male,S,Third,man,TRUE,,Southampton,TRUE,yes
3,29,0,0,7.75,male,Q,Third,man,TRUE,,Queenstown,TRUE,yes
3,,0,0,8.05,male,S,Third,man,TRUE,,Southampton,TRUE,no
1,36,0,0,26.2875,male,S,First,man,TRUE,E,Southampton,TRUE,yes
1,54,1,0,59.4,female,C,First,woman,FALSE,,Cherbourg,FALSE,yes
3,24,0,0,7.4958,male,S,Third,man,TRUE,,Southampton,TRUE,no
1,47,0,0,34.0208,male,S,First,man,TRUE,D,Southampton,TRUE,no
2,34,0,0,10.5,female,S,Second,woman,FALSE,F,Southampton,TRUE,yes
3,,0,0,24.15,male,Q,Third,man,TRUE,,Queenstown,TRUE,no
2,36,1,0,26,female,S,Second,woman,FALSE,,Southampton,FALSE,yes
3,32,0,0,7.8958,male,S,Third,man,TRUE,,Southampton,TRUE,no
1,30,0,0,93.5,female,S,First,woman,FALSE,B,Southampton,TRUE,yes
3,22,0,0,7.8958,male,S,Third,man,TRUE,,Southampton,TRUE,no
3,,0,0,7.225,male,C,Third,man,TRUE,,Cherbourg,TRUE,no
1,44,0,1,57.9792,female,C,First,woman,FALSE,B,Cherbourg,FALSE,yes
3,,0,0,7.2292,male,C,Third,man,TRUE,,Cherbourg,TRUE,no
3,40.5,0,0,7.75,male,Q,Third,man,TRUE,,Queenstown,TRUE,no
2,50,0,0,10.5,female,S,Second,woman,FALSE,,Southampton,TRUE,yes
1,,0,0,221.7792,male,S,First,man,TRUE,C,Southampton,TRUE,no
3,39,0,0,7.925,male,S,Third,man,TRUE,,Southampton,TRUE,no
2,23,2,1,11.5,male,S,Second,man,TRUE,,Southampton,FALSE,no
2,2,1,1,26,female,S,Second,child,FALSE,,Southampton,FALSE,yes
3,,0,0,7.2292,male,C,Third,man,TRUE,,Cherbourg,TRUE,no
3,17,1,1,7.2292,male,C,Third,man,TRUE,,Cherbourg,FALSE,no
3,,0,2,22.3583,female,C,Third,woman,FALSE,,Cherbourg,FALSE,yes
3,30,0,0,8.6625,female,S,Third,woman,FALSE,,Southampton,TRUE,no
2,7,0,2,26.25,female,S,Second,child,FALSE,,Southampton,FALSE,yes
1,45,0,0,26.55,male,S,First,man,TRUE,B,Southampton,TRUE,no
1,30,0,0,106.425,female,C,First,woman,FALSE,,Cherbourg,TRUE,yes
3,,0,0,14.5,male,S,Third,man,TRUE,,Southampton,TRUE,no
1,22,0,2,49.5,female,C,First,woman,FALSE,B,Cherbourg,FALSE,yes
1,36,0,2,71,female,S,First,woman,FALSE,B,Southampton,FALSE,yes
3,9,4,2,31.275,female,S,Third,child,FALSE,,Southampton,FALSE,no
3,11,4,2,31.275,female,S,Third,child,FALSE,,Southampton,FALSE,no
2,32,1,0,26,male,S,Second,man,TRUE,,Southampton,FALSE,yes
1,50,1,0,106.425,male,C,First,man,TRUE,C,Cherbourg,FALSE,no
1,64,0,0,26,male,S,First,man,TRUE,,Southampton,TRUE,no
2,19,1,0,26,female,S,Second,woman,FALSE,,Southampton,FALSE,yes
2,,0,0,13.8625,male,C,Second,man,TRUE,,Cherbourg,TRUE,yes
3,33,1,1,20.525,male,S,Third,man,TRUE,,Southampton,FALSE,no
2,8,1,1,36.75,male,S,Second,child,FALSE,,Southampton,FALSE,yes
1,17,0,2,110.8833,male,C,First,man,TRUE,C,Cherbourg,FALSE,yes
2,27,0,0,26,male,S,Second,man,TRUE,,Southampton,TRUE,no
3,,0,0,7.8292,male,Q,Third,man,TRUE,,Queenstown,TRUE,no
3,22,0,0,7.225,male,C,Third,man,TRUE,,Cherbourg,TRUE,yes
3,22,0,0,7.775,female,S,Third,woman,FALSE,,Southampton,TRUE,yes
1,62,0,0,26.55,male,S,First,man,TRUE,,Southampton,TRUE,no
1,48,1,0,39.6,female,C,First,woman,FALSE,A,Cherbourg,FALSE,yes
1,,0,0,227.525,male,C,First,man,TRUE,,Cherbourg,TRUE,no
1,39,1,1,79.65,female,S,First,woman,FALSE,E,Southampton,FALSE,yes
3,36,1,0,17.4,female,S,Third,woman,FALSE,,Southampton,FALSE,yes
3,,0,0,7.75,male,Q,Third,man,TRUE,,Queenstown,TRUE,no
3,40,0,0,7.8958,male,S,Third,man,TRUE,,Southampton,TRUE,no
2,28,0,0,13.5,male,S,Second,man,TRUE,,Southampton,TRUE,no
3,,0,0,8.05,male,S,Third,man,TRUE,,Southampton,TRUE,no
3,,0,0,8.05,female,S,Third,woman,FALSE,,Southampton,TRUE,no
3,24,2,0,24.15,male,S,Third,man,TRUE,,Southampton,FALSE,no
3,19,0,0,7.8958,male,S,Third,man,TRUE,,Southampton,TRUE,no
3,29,0,4,21.075,female,S,Third,woman,FALSE,,Southampton,FALSE,no
3,,0,0,7.2292,male,C,Third,man,TRUE,,Cherbourg,TRUE,no
3,32,0,0,7.8542,male,S,Third,man,TRUE,,Southampton,TRUE,yes
2,62,0,0,10.5,male,S,Second,man,TRUE,,Southampton,TRUE,yes
1,53,2,0,51.4792,female,S,First,woman,FALSE,C,Southampton,FALSE,yes
1,36,0,0,26.3875,male,S,First,man,TRUE,E,Southampton,TRUE,yes
3,,0,0,7.75,female,Q,Third,woman,FALSE,,Queenstown,TRUE,yes
3,16,0,0,8.05,male,S,Third,man,TRUE,,Southampton,TRUE,no
3,19,0,0,14.5,male,S,Third,man,TRUE,,Southampton,TRUE,no
2,34,0,0,13,female,S,Second,woman,FALSE,,Southampton,TRUE,yes
1,39,1,0,55.9,female,S,First,woman,FALSE,E,Southampton,FALSE,yes
3,,1,0,14.4583,female,C,Third,woman,FALSE,,Cherbourg,FALSE,no
3,32,0,0,7.925,male,S,Third,man,TRUE,,Southampton,TRUE,yes
2,25,1,1,30,female,S,Second,woman,FALSE,,Southampton,FALSE,yes
1,39,1,1,110.8833,female,C,First,woman,FALSE,C,Cherbourg,FALSE,yes
2,54,0,0,26,male,S,Second,man,TRUE,,Southampton,TRUE,no
1,36,0,0,40.125,male,C,First,man,TRUE,A,Cherbourg,TRUE,no
3,,0,0,8.7125,male,C,Third,man,TRUE,,Cherbourg,TRUE,no
1,18,0,2,79.65,female,S,First,woman,FALSE,E,Southampton,FALSE,yes
2,47,0,0,15,male,S,Second,man,TRUE,,Southampton,TRUE,no
1,60,1,1,79.2,male,C,First,man,TRUE,B,Cherbourg,FALSE,yes
3,22,0,0,8.05,male,S,Third,man,TRUE,,Southampton,TRUE,no
3,,0,0,8.05,male,S,Third,man,TRUE,,Southampton,TRUE,no
3,35,0,0,7.125,male,S,Third,man,TRUE,,Southampton,TRUE,no
1,52,1,0,78.2667,female,C,First,woman,FALSE,D,Cherbourg,FALSE,yes
3,47,0,0,7.25,male,S,Third,man,TRUE,,Southampton,TRUE,no
3,,0,2,7.75,female,Q,Third,woman,FALSE,,Queenstown,FALSE,no
2,37,1,0,26,male,S,Second,man,TRUE,,Southampton,FALSE,no
3,36,1,1,24.15,male,S,Third,man,TRUE,,Southampton,FALSE,no
2,,0,0,33,female,S,Second,woman,FALSE,,Southampton,TRUE,yes
3,49,0,0,0,male,S,Third,man,TRUE,,Southampton,TRUE,no
3,,0,0,7.225,male,C,Third,man,TRUE,,Cherbourg,TRUE,no
1,49,1,0,56.9292,male,C,First,man,TRUE,A,Cherbourg,FALSE,yes
2,24,2,1,27,female,S,Second,woman,FALSE,,Southampton,FALSE,yes
3,,0,0,7.8958,male,S,Third,man,TRUE,,Southampton,TRUE,no
1,,0,0,42.4,male,S,First,man,TRUE,,Southampton,TRUE,no
3,44,0,0,8.05,male,S,Third,man,TRUE,,Southampton,TRUE,no
1,35,0,0,26.55,male,C,First,man,TRUE,,Cherbourg,TRUE,yes
3,36,1,0,15.55,male,S,Third,man,TRUE,,Southampton,FALSE,no
3,30,0,0,7.8958,male,S,Third,man,TRUE,,Southampton,TRUE,no
1,27,0,0,30.5,male,S,First,man,TRUE,,Southampton,TRUE,yes
2,22,1,2,41.5792,female,C,Second,woman,FALSE,,Cherbourg,FALSE,yes
1,40,0,0,153.4625,female,S,First,woman,FALSE,C,Southampton,TRUE,yes
3,39,1,5,31.275,female,S,Third,woman,FALSE,,Southampton,FALSE,no
3,,0,0,7.05,male,S,Third,man,TRUE,,Southampton,TRUE,no
3,,1,0,15.5,female,Q,Third,woman,FALSE,,Queenstown,FALSE,yes
3,,0,0,7.75,male,Q,Third,man,TRUE,,Queenstown,TRUE,no
3,35,0,0,8.05,male,S,Third,man,TRUE,,Southampton,TRUE,no
2,24,1,2,65,female,S,Second,woman,FALSE,,Southampton,FALSE,yes
3,34,1,1,14.4,male,S,Third,man,TRUE,,Southampton,FALSE,no
3,26,1,0,16.1,female,S,Third,woman,FALSE,,Southampton,FALSE,no
2,4,2,1,39,female,S,Second,child,FALSE,F,Southampton,FALSE,yes
2,26,0,0,10.5,male,S,Second,man,TRUE,,Southampton,TRUE,no
3,27,1,0,14.4542,male,C,Third,man,TRUE,,Cherbourg,FALSE,no
1,42,1,0,52.5542,male,S,First,man,TRUE,D,Southampton,FALSE,yes
3,20,1,1,15.7417,male,C,Third,man,TRUE,,Cherbourg,FALSE,yes
3,21,0,0,7.8542,male,S,Third,man,TRUE,,Southampton,TRUE,no
3,21,0,0,16.1,male,S,Third,man,TRUE,,Southampton,TRUE,no
1,61,0,0,32.3208,male,S,First,man,TRUE,D,Southampton,TRUE,no
2,57,0,0,12.35,male,Q,Second,man,TRUE,,Queenstown,TRUE,no
1,21,0,0,77.9583,female,S,First,woman,FALSE,D,Southampton,TRUE,yes
3,26,0,0,7.8958,male,S,Third,man,TRUE,,Southampton,TRUE,no
3,,0,0,7.7333,male,Q,Third,man,TRUE,,Queenstown,TRUE,no
1,80,0,0,30,male,S,First,man,TRUE,A,Southampton,TRUE,yes
3,51,0,0,7.0542,male,S,Third,man,TRUE,,Southampton,TRUE,no
1,32,0,0,30.5,male,C,First,man,TRUE,B,Cherbourg,TRUE,yes
1,,0,0,0,male,S,First,man,TRUE,,Southampton,TRUE,no
3,9,3,2,27.9,female,S,Third,child,FALSE,,Southampton,FALSE,no
2,28,0,0,13,female,S,Second,woman,FALSE,,Southampton,TRUE,yes
3,32,0,0,7.925,male,S,Third,man,TRUE,,Southampton,TRUE,no
2,31,1,1,26.25,male,S,Second,man,TRUE,,Southampton,FALSE,no
3,41,0,5,39.6875,female,S,Third,woman,FALSE,,Southampton,FALSE,no
3,,1,0,16.1,male,S,Third,man,TRUE,,Southampton,FALSE,no
3,20,0,0,7.8542,male,S,Third,man,TRUE,,Southampton,TRUE,no
1,24,0,0,69.3,female,C,First,woman,FALSE,B,Cherbourg,TRUE,yes
3,2,3,2,27.9,female,S,Third,child,FALSE,,Southampton,FALSE,no
3,,0,0,56.4958,male,S,Third,man,TRUE,,Southampton,TRUE,yes
3,0.75,2,1,19.2583,female,C,Third,child,FALSE,,Cherbourg,FALSE,yes
1,48,1,0,76.7292,male,C,First,man,TRUE,D,Cherbourg,FALSE,yes
3,19,0,0,7.8958,male,S,Third,man,TRUE,,Southampton,TRUE,no
1,56,0,0,35.5,male,C,First,man,TRUE,A,Cherbourg,TRUE,yes
3,,0,0,7.55,male,S,Third,man,TRUE,,Southampton,TRUE,no
3,23,0,0,7.55,female,S,Third,woman,FALSE,,Southampton,TRUE,yes
3,,0,0,7.8958,male,S,Third,man,TRUE,,Southampton,TRUE,no
2,18,0,1,23,female,S,Second,woman,FALSE,,Southampton,FALSE,yes
3,21,0,0,8.4333,male,S,Third,man,TRUE,,Southampton,TRUE,no
3,,0,0,7.8292,female,Q,Third,woman,FALSE,,Queenstown,TRUE,yes
3,18,0,0,6.75,female,Q,Third,woman,FALSE,,Queenstown,TRUE,no
2,24,2,0,73.5,male,S,Second,man,TRUE,,Southampton,FALSE,no
3,,0,0,7.8958,male,S,Third,man,TRUE,,Southampton,TRUE,no
3,32,1,1,15.5,female,Q,Third,woman,FALSE,,Queenstown,FALSE,no
2,23,0,0,13,male,S,Second,man,TRUE,,Southampton,TRUE,no
1,58,0,2,113.275,male,C,First,man,TRUE,D,Cherbourg,FALSE,no
1,50,2,0,133.65,male,S,First,man,TRUE,,Southampton,FALSE,yes
3,40,0,0,7.225,male,C,Third,man,TRUE,,Cherbourg,TRUE,no
1,47,0,0,25.5875,male,S,First,man,TRUE,E,Southampton,TRUE,no
3,36,0,0,7.4958,male,S,Third,man,TRUE,,Southampton,TRUE,no
3,20,1,0,7.925,male,S,Third,man,TRUE,,Southampton,FALSE,yes
2,32,2,0,73.5,male,S,Second,man,TRUE,,Southampton,FALSE,no
2,25,0,0,13,male,S,Second,man,TRUE,,Southampton,TRUE,no
3,,0,0,7.775,male,S,Third,man,TRUE,,Southampton,TRUE,no
3,43,0,0,8.05,male,S,Third,man,TRUE,,Southampton,TRUE,no
1,,1,0,52,female,S,First,woman,FALSE,C,Southampton,FALSE,yes
2,40,1,1,39,female,S,Second,woman,FALSE,,Southampton,FALSE,yes
1,31,1,0,52,male,S,First,man,TRUE,B,Southampton,FALSE,no
2,70,0,0,10.5,male,S,Second,man,TRUE,,Southampton,TRUE,no
2,31,0,0,13,male,S,Second,man,TRUE,,Southampton,TRUE,yes
2,,0,0,0,male,S,Second,man,TRUE,,Southampton,TRUE,no
3,18,0,0,7.775,male,S,Third,man,TRUE,,Southampton,TRUE,no
3,24.5,0,0,8.05,male,S,Third,man,TRUE,,Southampton,TRUE,no
3,18,0,0,9.8417,female,S,Third,woman,FALSE,,Southampton,TRUE,yes
3,43,1,6,46.9,female,S,Third,woman,FALSE,,Southampton,FALSE,no
1,36,0,1,512.3292,male,C,First,man,TRUE,B,Cherbourg,FALSE,yes
3,,0,0,8.1375,female,Q,Third,woman,FALSE,,Queenstown,TRUE,no
1,27,0,0,76.7292,male,C,First,man,TRUE,D,Cherbourg,TRUE,yes
3,20,0,0,9.225,male,S,Third,man,TRUE,,Southampton,TRUE,no
3,14,5,2,46.9,male,S,Third,child,FALSE,,Southampton,FALSE,no
2,60,1,1,39,male,S,Second,man,TRUE,,Southampton,FALSE,no
2,25,1,2,41.5792,male,C,Second,man,TRUE,,Cherbourg,FALSE,no
3,14,4,1,39.6875,male,S,Third,child,FALSE,,Southampton,FALSE,no
3,19,0,0,10.1708,male,S,Third,man,TRUE,,Southampton,TRUE,no
3,18,0,0,7.7958,male,S,Third,man,TRUE,,Southampton,TRUE,no
1,15,0,1,211.3375,female,S,First,child,FALSE,B,Southampton,FALSE,yes
1,31,1,0,57,male,S,First,man,TRUE,B,Southampton,FALSE,yes
3,4,0,1,13.4167,female,C,Third,child,FALSE,,Cherbourg,FALSE,yes
3,,0,0,56.4958,male,S,Third,man,TRUE,,Southampton,TRUE,yes
3,25,0,0,7.225,male,C,Third,man,TRUE,,Cherbourg,TRUE,no
1,60,0,0,26.55,male,S,First,man,TRUE,,Southampton,TRUE,no
2,52,0,0,13.5,male,S,Second,man,TRUE,,Southampton,TRUE,no
3,44,0,0,8.05,male,S,Third,man,TRUE,,Southampton,TRUE,no
3,,0,0,7.7333,female,Q,Third,woman,FALSE,,Queenstown,TRUE,yes
1,49,1,1,110.8833,male,C,First,man,TRUE,C,Cherbourg,FALSE,no
3,42,0,0,7.65,male,S,Third,man,TRUE,F,Southampton,TRUE,no
1,18,1,0,227.525,female,C,First,woman,FALSE,C,Cherbourg,FALSE,yes
1,35,0,0,26.2875,male,S,First,man,TRUE,E,Southampton,TRUE,yes
3,18,0,1,14.4542,female,C,Third,woman,FALSE,,Cherbourg,FALSE,no
3,25,0,0,7.7417,male,Q,Third,man,TRUE,,Queenstown,TRUE,no
3,26,1,0,7.8542,male,S,Third,man,TRUE,,Southampton,FALSE,no
2,39,0,0,26,male,S,Second,man,TRUE,,Southampton,TRUE,no
2,45,0,0,13.5,female,S,Second,woman,FALSE,,Southampton,TRUE,yes
1,42,0,0,26.2875,male,S,First,man,TRUE,E,Southampton,TRUE,yes
1,22,0,0,151.55,female,S,First,woman,FALSE,,Southampton,TRUE,yes
3,,1,1,15.2458,male,C,Third,man,TRUE,,Cherbourg,FALSE,yes
1,24,0,0,49.5042,female,C,First,woman,FALSE,C,Cherbourg,TRUE,yes
1,,0,0,26.55,male,S,First,man,TRUE,C,Southampton,TRUE,no
1,48,1,0,52,male,S,First,man,TRUE,C,Southampton,FALSE,yes
3,29,0,0,9.4833,male,S,Third,man,TRUE,,Southampton,TRUE,no
2,52,0,0,13,male,S,Second,man,TRUE,,Southampton,TRUE,no
3,19,0,0,7.65,male,S,Third,man,TRUE,F,Southampton,TRUE,no
1,38,0,0,227.525,female,C,First,woman,FALSE,C,Cherbourg,TRUE,yes
2,27,0,0,10.5,female,S,Second,woman,FALSE,E,Southampton,TRUE,yes
3,,0,0,15.5,male,Q,Third,man,TRUE,,Queenstown,TRUE,no
3,33,0,0,7.775,male,S,Third,man,TRUE,,Southampton,TRUE,no
2,6,0,1,33,female,S,Second,child,FALSE,,Southampton,FALSE,yes
3,17,1,0,7.0542,male,S,Third,man,TRUE,,Southampton,FALSE,no
2,34,0,0,13,male,S,Second,man,TRUE,,Southampton,TRUE,no
2,50,0,0,13,male,S,Second,man,TRUE,,Southampton,TRUE,no
1,27,1,0,53.1,male,S,First,man,TRUE,E,Southampton,FALSE,yes
3,20,0,0,8.6625,male,S,Third,man,TRUE,,Southampton,TRUE,no
2,30,3,0,21,female,S,Second,woman,FALSE,,Southampton,FALSE,yes
3,,0,0,7.7375,female,Q,Third,woman,FALSE,,Queenstown,TRUE,yes
2,25,1,0,26,male,S,Second,man,TRUE,,Southampton,FALSE,no
3,25,1,0,7.925,female,S,Third,woman,FALSE,,Southampton,FALSE,no
1,29,0,0,211.3375,female,S,First,woman,FALSE,B,Southampton,TRUE,yes
3,11,0,0,18.7875,male,C,Third,child,FALSE,,Cherbourg,TRUE,no
2,,0,0,0,male,S,Second,man,TRUE,,Southampton,TRUE,no
2,23,0,0,13,male,S,Second,man,TRUE,,Southampton,TRUE,no
2,23,0,0,13,male,S,Second,man,TRUE,,Southampton,TRUE,no
3,28.5,0,0,16.1,male,S,Third,man,TRUE,,Southampton,TRUE,no
3,48,1,3,34.375,female,S,Third,woman,FALSE,,Southampton,FALSE,no
1,35,0,0,512.3292,male,C,First,man,TRUE,B,Cherbourg,TRUE,yes
3,,0,0,7.8958,male,S,Third,man,TRUE,,Southampton,TRUE,no
3,,0,0,7.8958,male,S,Third,man,TRUE,,Southampton,TRUE,no
1,,0,0,30,male,S,First,man,TRUE,D,Southampton,TRUE,yes
1,36,1,0,78.85,male,S,First,man,TRUE,C,Southampton,FALSE,no
1,21,2,2,262.375,female,C,First,woman,FALSE,B,Cherbourg,FALSE,yes
3,24,1,0,16.1,male,S,Third,man,TRUE,,Southampton,FALSE,no
3,31,0,0,7.925,male,S,Third,man,TRUE,,Southampton,TRUE,yes
1,70,1,1,71,male,S,First,man,TRUE,B,Southampton,FALSE,no
3,16,1,1,20.25,male,S,Third,man,TRUE,,Southampton,FALSE,no
2,30,0,0,13,female,S,Second,woman,FALSE,,Southampton,TRUE,yes
1,19,1,0,53.1,male,S,First,man,TRUE,D,Southampton,FALSE,no
3,31,0,0,7.75,male,Q,Third,man,TRUE,,Queenstown,TRUE,no
2,4,1,1,23,female,S,Second,child,FALSE,,Southampton,FALSE,yes
3,6,0,1,12.475,male,S,Third,child,FALSE,E,Southampton,FALSE,yes
3,33,0,0,9.5,male,S,Third,man,TRUE,,Southampton,TRUE,no
3,23,0,0,7.8958,male,S,Third,man,TRUE,,Southampton,TRUE,no
2,48,1,2,65,female,S,Second,woman,FALSE,,Southampton,FALSE,yes
2,0.67,1,1,14.5,male,S,Second,child,FALSE,,Southampton,FALSE,yes
3,28,0,0,7.7958,male,S,Third,man,TRUE,,Southampton,TRUE,no
2,18,0,0,11.5,male,S,Second,man,TRUE,,Southampton,TRUE,no
3,34,0,0,8.05,male,S,Third,man,TRUE,,Southampton,TRUE,no
1,33,0,0,86.5,female,S,First,woman,FALSE,B,Southampton,TRUE,yes
3,,0,0,14.5,male,S,Third,man,TRUE,,Southampton,TRUE,no
3,41,0,0,7.125,male,S,Third,man,TRUE,,Southampton,TRUE,no
3,20,0,0,7.2292,male,C,Third,man,TRUE,,Cherbourg,TRUE,yes
1,36,1,2,120,female,S,First,woman,FALSE,B,Southampton,FALSE,yes
3,16,0,0,7.775,male,S,Third,man,TRUE,,Southampton,TRUE,no
1,51,1,0,77.9583,female,S,First,woman,FALSE,D,Southampton,FALSE,yes
1,,0,0,39.6,male,C,First,man,TRUE,,Cherbourg,TRUE,no
3,30.5,0,0,7.75,female,Q,Third,woman,FALSE,,Queenstown,TRUE,no
3,,1,0,24.15,male,Q,Third,man,TRUE,,Queenstown,FALSE,no
3,32,0,0,8.3625,male,S,Third,man,TRUE,,Southampton,TRUE,no
3,24,0,0,9.5,male,S,Third,man,TRUE,,Southampton,TRUE,no
3,48,0,0,7.8542,male,S,Third,man,TRUE,,Southampton,TRUE,no
2,57,0,0,10.5,female,S,Second,woman,FALSE,E,Southampton,TRUE,no
3,,0,0,7.225,male,C,Third,man,TRUE,,Cherbourg,TRUE,no
2,54,1,3,23,female,S,Second,woman,FALSE,,Southampton,FALSE,yes
3,18,0,0,7.75,male,S,Third,man,TRUE,,Southampton,TRUE,no
3,,0,0,7.75,male,Q,Third,man,TRUE,F,Queenstown,TRUE,no
3,5,0,0,12.475,female,S,Third,child,FALSE,,Southampton,TRUE,yes
3,,0,0,7.7375,male,Q,Third,man,TRUE,,Queenstown,TRUE,no
1,43,0,1,211.3375,female,S,First,woman,FALSE,B,Southampton,FALSE,yes
3,13,0,0,7.2292,female,C,Third,child,FALSE,,Cherbourg,TRUE,yes
1,17,1,0,57,female,S,First,woman,FALSE,B,Southampton,FALSE,yes
1,29,0,0,30,male,S,First,man,TRUE,D,Southampton,TRUE,no
3,,1,2,23.45,male,S,Third,man,TRUE,,Southampton,FALSE,no
3,25,0,0,7.05,male,S,Third,man,TRUE,,Southampton,TRUE,no
3,25,0,0,7.25,male,S,Third,man,TRUE,,Southampton,TRUE,no
3,18,0,0,7.4958,female,S,Third,woman,FALSE,,Southampton,TRUE,yes
3,8,4,1,29.125,male,Q,Third,child,FALSE,,Queenstown,FALSE,no
3,1,1,2,20.575,male,S,Third,child,FALSE,,Southampton,FALSE,yes
1,46,0,0,79.2,male,C,First,man,TRUE,B,Cherbourg,TRUE,no
3,,0,0,7.75,male,Q,Third,man,TRUE,,Queenstown,TRUE,no
2,16,0,0,26,male,S,Second,man,TRUE,,Southampton,TRUE,no
3,,8,2,69.55,female,S,Third,woman,FALSE,,Southampton,FALSE,no
1,,0,0,30.6958,male,C,First,man,TRUE,,Cherbourg,TRUE,no
3,25,0,0,7.8958,male,S,Third,man,TRUE,,Southampton,TRUE,no
2,39,0,0,13,male,S,Second,man,TRUE,,Southampton,TRUE,no
1,49,0,0,25.9292,female,S,First,woman,FALSE,D,Southampton,TRUE,yes
3,31,0,0,8.6833,female,S,Third,woman,FALSE,,Southampton,TRUE,yes
3,30,0,0,7.2292,male,C,Third,man,TRUE,,Cherbourg,TRUE,no
3,30,1,1,24.15,female,S,Third,woman,FALSE,,Southampton,FALSE,no
2,34,0,0,13,male,S,Second,man,TRUE,,Southampton,TRUE,no
2,31,1,1,26.25,female,S,Second,woman,FALSE,,Southampton,FALSE,yes
1,11,1,2,120,male,S,First,child,FALSE,B,Southampton,FALSE,yes
3,0.42,0,1,8.5167,male,C,Third,child,FALSE,,Cherbourg,FALSE,yes
3,27,0,0,6.975,male,S,Third,man,TRUE,,Southampton,TRUE,yes
3,31,0,0,7.775,male,S,Third,man,TRUE,,Southampton,TRUE,no
1,39,0,0,0,male,S,First,man,TRUE,A,Southampton,TRUE,no
3,18,0,0,7.775,female,S,Third,woman,FALSE,,Southampton,TRUE,no
2,39,0,0,13,male,S,Second,man,TRUE,,Southampton,TRUE,no
1,33,1,0,53.1,female,S,First,woman,FALSE,E,Southampton,FALSE,yes
3,26,0,0,7.8875,male,S,Third,man,TRUE,,Southampton,TRUE,no
3,39,0,0,24.15,male,S,Third,man,TRUE,,Southampton,TRUE,no
2,35,0,0,10.5,male,S,Second,man,TRUE,,Southampton,TRUE,no
3,6,4,2,31.275,female,S,Third,child,FALSE,,Southampton,FALSE,no
3,30.5,0,0,8.05,male,S,Third,man,TRUE,,Southampton,TRUE,no
1,,0,0,0,male,S,First,man,TRUE,B,Southampton,TRUE,no
3,23,0,0,7.925,female,S,Third,woman,FALSE,,Southampton,TRUE,no
2,31,1,1,37.0042,male,C,Second,man,TRUE,,Cherbourg,FALSE,no
3,43,0,0,6.45,male,S,Third,man,TRUE,,Southampton,TRUE,no
3,10,3,2,27.9,male,S,Third,child,FALSE,,Southampton,FALSE,no
1,52,1,1,93.5,female,S,First,woman,FALSE,B,Southampton,FALSE,yes
3,27,0,0,8.6625,male,S,Third,man,TRUE,,Southampton,TRUE,yes
1,38,0,0,0,male,S,First,man,TRUE,,Southampton,TRUE,no
3,27,0,1,12.475,female,S,Third,woman,FALSE,E,Southampton,FALSE,yes
3,2,4,1,39.6875,male,S,Third,child,FALSE,,Southampton,FALSE,no
3,,0,0,6.95,male,Q,Third,man,TRUE,,Queenstown,TRUE,no
3,,0,0,56.4958,male,S,Third,man,TRUE,,Southampton,TRUE,no
2,1,0,2,37.0042,male,C,Second,child,FALSE,,Cherbourg,FALSE,yes
3,,0,0,7.75,male,Q,Third,man,TRUE,,Queenstown,TRUE,yes
1,62,0,0,80,female,,First,woman,FALSE,B,,TRUE,yes
3,15,1,0,14.4542,female,C,Third,child,FALSE,,Cherbourg,FALSE,yes
2,0.83,1,1,18.75,male,S,Second,child,FALSE,,Southampton,FALSE,yes
3,,0,0,7.2292,male,C,Third,man,TRUE,,Cherbourg,TRUE,no
3,23,0,0,7.8542,male,S,Third,man,TRUE,,Southampton,TRUE,no
3,18,0,0,8.3,male,S,Third,man,TRUE,,Southampton,TRUE,no
1,39,1,1,83.1583,female,C,First,woman,FALSE,E,Cherbourg,FALSE,yes
3,21,0,0,8.6625,male,S,Third,man,TRUE,,Southampton,TRUE,no
3,,0,0,8.05,male,S,Third,man,TRUE,,Southampton,TRUE,no
3,32,0,0,56.4958,male,S,Third,man,TRUE,,Southampton,TRUE,yes
1,,0,0,29.7,male,C,First,man,TRUE,C,Cherbourg,TRUE,yes
3,20,0,0,7.925,male,S,Third,man,TRUE,,Southampton,TRUE,no
2,16,0,0,10.5,male,S,Second,man,TRUE,,Southampton,TRUE,no
1,30,0,0,31,female,C,First,woman,FALSE,,Cherbourg,TRUE,yes
3,34.5,0,0,6.4375,male,C,Third,man,TRUE,,Cherbourg,TRUE,no
3,17,0,0,8.6625,male,S,Third,man,TRUE,,Southampton,TRUE,no
3,42,0,0,7.55,male,S,Third,man,TRUE,,Southampton,TRUE,no
3,,8,2,69.55,male,S,Third,man,TRUE,,Southampton,FALSE,no
3,35,0,0,7.8958,male,C,Third,man,TRUE,,Cherbourg,TRUE,no
2,28,0,1,33,male,S,Second,man,TRUE,,Southampton,FALSE,no
1,,1,0,89.1042,female,C,First,woman,FALSE,C,Cherbourg,FALSE,yes
3,4,4,2,31.275,male,S,Third,child,FALSE,,Southampton,FALSE,no
3,74,0,0,7.775,male,S,Third,man,TRUE,,Southampton,TRUE,no
3,9,1,1,15.2458,female,C,Third,child,FALSE,,Cherbourg,FALSE,no
1,16,0,1,39.4,female,S,First,woman,FALSE,D,Southampton,FALSE,yes
2,44,1,0,26,female,S,Second,woman,FALSE,,Southampton,FALSE,no
3,18,0,1,9.35,female,S,Third,woman,FALSE,,Southampton,FALSE,yes
1,45,1,1,164.8667,female,S,First,woman,FALSE,,Southampton,FALSE,yes
1,51,0,0,26.55,male,S,First,man,TRUE,E,Southampton,TRUE,yes
3,24,0,3,19.2583,female,C,Third,woman,FALSE,,Cherbourg,FALSE,yes
3,,0,0,7.2292,male,C,Third,man,TRUE,,Cherbourg,TRUE,no
3,41,2,0,14.1083,male,S,Third,man,TRUE,,Southampton,FALSE,no
2,21,1,0,11.5,male,S,Second,man,TRUE,,Southampton,FALSE,no
1,48,0,0,25.9292,female,S,First,woman,FALSE,D,Southampton,TRUE,yes
3,,8,2,69.55,female,S,Third,woman,FALSE,,Southampton,FALSE,no
2,24,0,0,13,male,S,Second,man,TRUE,,Southampton,TRUE,no
2,42,0,0,13,female,S,Second,woman,FALSE,,Southampton,TRUE,yes
2,27,1,0,13.8583,female,C,Second,woman,FALSE,,Cherbourg,FALSE,yes
1,31,0,0,50.4958,male,S,First,man,TRUE,A,Southampton,TRUE,no
3,,0,0,9.5,male,S,Third,man,TRUE,,Southampton,TRUE,no
3,4,1,1,11.1333,male,S,Third,child,FALSE,,Southampton,FALSE,yes
3,26,0,0,7.8958,male,S,Third,man,TRUE,,Southampton,TRUE,no
1,47,1,1,52.5542,female,S,First,woman,FALSE,D,Southampton,FALSE,yes
1,33,0,0,5,male,S,First,man,TRUE,B,Southampton,TRUE,no
3,47,0,0,9,male,S,Third,man,TRUE,,Southampton,TRUE,no
2,28,1,0,24,female,C,Second,woman,FALSE,,Cherbourg,FALSE,yes
3,15,0,0,7.225,female,C,Third,child,FALSE,,Cherbourg,TRUE,yes
3,20,0,0,9.8458,male,S,Third,man,TRUE,,Southampton,TRUE,no
3,19,0,0,7.8958,male,S,Third,man,TRUE,,Southampton,TRUE,no
3,,0,0,7.8958,male,S,Third,man,TRUE,,Southampton,TRUE,no
1,56,0,1,83.1583,female,C,First,woman,FALSE,C,Cherbourg,FALSE,yes
2,25,0,1,26,female,S,Second,woman,FALSE,,Southampton,FALSE,yes
3,33,0,0,7.8958,male,S,Third,man,TRUE,,Southampton,TRUE,no
3,22,0,0,10.5167,female,S,Third,woman,FALSE,,Southampton,TRUE,no
2,28,0,0,10.5,male,S,Second,man,TRUE,,Southampton,TRUE,no
3,25,0,0,7.05,male,S,Third,man,TRUE,,Southampton,TRUE,no
3,39,0,5,29.125,female,Q,Third,woman,FALSE,,Queenstown,FALSE,no
2,27,0,0,13,male,S,Second,man,TRUE,,Southampton,TRUE,no
1,19,0,0,30,female,S,First,woman,FALSE,B,Southampton,TRUE,yes
3,,1,2,23.45,female,S,Third,woman,FALSE,,Southampton,FALSE,no
1,26,0,0,30,male,C,First,man,TRUE,C,Cherbourg,TRUE,yes
3,32,0,0,7.75,male,Q,Third,man,TRUE,,Queenstown,TRUE,no
